user_input,output,flag,username,timestamp
"AI là gì
","Trí tuệ nhân tạo (AI) là một lĩnh vực của khoa học máy tính tập trung vào việc tạo ra các hệ thống máy tính có thể thực hiện các nhiệm vụ thường đòi hỏi trí thông minh của con người.  Các nhiệm vụ này bao gồm:

*   **Học hỏi:** Thu thập và xử lý thông tin để cải thiện hiệu suất theo thời gian.
*   **Lý luận:** Sử dụng logic và suy luận để giải quyết vấn đề và đưa ra quyết định.
*   **Nhận thức:** Hiểu và tương tác với thế giới xung quanh thông qua thị giác, thính giác, ngôn ngữ, v.v.
*   **Giải quyết vấn đề:**  Tìm ra các giải pháp sáng tạo cho các vấn đề phức tạp.
*   **Hiểu ngôn ngữ tự nhiên:**  Xử lý và hiểu ngôn ngữ của con người.

Nói một cách đơn giản hơn, AI là nỗ lực để làm cho máy móc ""thông minh"" hơn, có khả năng suy nghĩ và hành động giống con người.
",,,2025-06-08 16:13:18.522323
